Film,Country of Origin,Distributor
Akelli,Ind,Reliance Entertainment
Balle O Chalaak Sajjna,Ind,Dreamz Entertainment
Bedurulanka 2012,Ind,Dreamz Entertainment
Bedurulanka 2012 (Ireland),Ind,2G Entertainments Ltd
Bhola Shankar (Ireland),Ind,Akshaya Traders
Bholaa Shankar,Ind,Dreamz Entertainment
Dream Girl 2,Ind,DG Tech
Dream Girl 2 (Ireland),Ind,Akshaya Traders
Gadar 2 0 The Katha Continues,Ind,Zee Studios
Ghoomer,Ind,Bakrania Media
Hostel Hudugaru Bekagiddare (Ireland),Ind,Sandalwood Entertainment UK
Jailer,Ind,Big Films
Junior,Ind,Rhythm Boyz Entertainment
King Of Kotha,Ind,Zee Studios
King Of Kotha (Ireland),Ind,RFT Films
Kurukkan,Ind,DG Tech
Love,Ind,DG Tech
Mastaney,Ind,Bakrania Media
Mr. Pregnant,Ind,Dreamz Entertainment
Mr. Pregnant (Ireland),Ind,2G Entertainments Ltd
OMG 2,Ind,DG Tech
Rocky Aur Rani Kii Prem Kahaani,Ind,Moviegoers
Toby (Ireland),Ind,Sandalwood Entertainment UK