Film,Average_Percentage_Change
"Rocky Aur Rani Kii Prem Kahaani",-15.81160000
Elemental,-23.81996667
"Mission: Impossible 0 Dead Reckoning Part One",-27.12843333
"Talk To Me",-30.95905000
Oppenheimer,-32.55223333
"Blue Beetle",-35.46960000
Barbie,-37.01870000
"Haunted Mansion",-37.25065000
"The Meg 2",-38.84393333
"Teenage Mutant Ninja Turtles: Mutant Mayhem",-40.99073333
"Gadar 2 0 The Katha Continues",-45.13390000
Strays,-45.34270000
"Insidious: The Red Door",-46.40850000
"Gran Turismo: Based On A True Story",-55.61370000
"Indiana Jones And The Dial Of Destiny",-61.11640000
Jailer,-74.59860000
"Joy Ride",-88.19620000
